徨貨待,貨待幡嶷,貨待燕,峺方奐膿,IC,IF,IH
list_1_0,0.0610735318663,-0.0337700376566,受,受,受,受
list_2_0,0.081283622624,-0.0345891504485,受,受,受,受
list_3_0,0.0746064712785,-0.0343037681351,受,受,受,受
list_4_0,0.0984827203734,-0.0327514080778,受,受,受,受
list_5_0,0.135582613176,-0.0334803120188,受,受,受,受
list_6_0,0.130184561792,-0.0347746159267,受,受,受,受
list_7_0,0.196032030774,-0.000256949479524,紗|隔,紗|隔,紗|隔,受
list_8_0,0.222754448117,-0.026813501415,受,受,受,受
