子策略,策略权重,策略表现,指数增强,IC,IF,IH
list_1_0,0.0610735318663,0.00942938106451,加|持,加|持,加|持,加|持
list_2_0,0.081283622624,0.00780033992069,加|持,加|持,加|持,加|持
list_3_0,0.0746064712785,0.00821758046247,加|持,加|持,加|持,加|持
list_4_0,0.0984827203734,0.00814632472356,加|持,加|持,加|持,加|持
list_5_0,0.135582613176,0.00792188948375,加|持,加|持,加|持,加|持
list_6_0,0.130184561792,0.01236129568,加|持,加|持,加|持,加|持
list_7_0,0.196032030774,0.0104655675364,加|持,加|持,加|持,加|持
list_8_0,0.222754448117,0.0113465450805,加|持,加|持,加|持,加|持
